cycle_number,phase,voltage_V,current_A,conductance_S,set_voltage_V,reset_voltage_V,pulse_width_ms
1,SET_READ,0.2,1.59095421666002e-05,7.954771083300098e-05,1.2,-1.2,10
1,RESET_READ,0.2,4.0443526612675644e-07,2.022176330633782e-06,1.2,-1.2,10
2,SET_READ,0.2,1.614416618998113e-05,8.072083094990564e-05,1.2,-1.2,10
2,RESET_READ,0.2,4.0125824984225953e-07,2.0062912492112975e-06,1.2,-1.2,10
3,SET_READ,0.2,1.572590669815369e-05,7.862953349076846e-05,1.2,-1.2,10
3,RESET_READ,0.2,4.1761677570728024e-07,2.088083878536401e-06,1.2,-1.2,10
4,SET_READ,0.2,1.5868744683168623e-05,7.934372341584311e-05,1.2,-1.2,10
4,RESET_READ,0.2,4.244163151906243e-07,2.1220815759531214e-06,1.2,-1.2,10
5,SET_READ,0.2,1.560453907218619e-05,7.802269536093095e-05,1.2,-1.2,10
5,RESET_READ,0.2,4.3962701526389205e-07,2.19813507631946e-06,1.2,-1.2,10
6,SET_READ,0.2,1.5441653716778568e-05,7.720826858389283e-05,1.2,-1.2,10
6,RESET_READ,0.2,4.223711864539019e-07,2.1118559322695092e-06,1.2,-1.2,10
7,SET_READ,0.2,1.5433659597327454e-05,7.716829798663727e-05,1.2,-1.2,10
7,RESET_READ,0.2,4.3520775583881053e-07,2.1760387791940525e-06,1.2,-1.2,10
8,SET_READ,0.2,1.5415790655237236e-05,7.707895327618617e-05,1.2,-1.2,10
8,RESET_READ,0.2,4.311881104844303e-07,2.155940552422151e-06,1.2,-1.2,10
9,SET_READ,0.2,1.4899176889659773e-05,7.449588444829886e-05,1.2,-1.2,10
9,RESET_READ,0.2,4.317802845439803e-07,2.1589014227199014e-06,1.2,-1.2,10
10,SET_READ,0.2,1.494345379288682e-05,7.47172689644341e-05,1.2,-1.2,10
10,RESET_READ,0.2,4.4121005941180266e-07,2.206050297059013e-06,1.2,-1.2,10
11,SET_READ,0.2,1.4678543326492139e-05,7.33927166324607e-05,1.2,-1.2,10
11,RESET_READ,0.2,4.346842736699827e-07,2.1734213683499134e-06,1.2,-1.2,10
12,SET_READ,0.2,1.449254263932392e-05,7.24627131966196e-05,1.2,-1.2,10
12,RESET_READ,0.2,4.371429509227156e-07,2.185714754613578e-06,1.2,-1.2,10
13,SET_READ,0.2,1.4484119936069272e-05,7.242059968034636e-05,1.2,-1.2,10
13,RESET_READ,0.2,4.380921644682422e-07,2.1904608223412107e-06,1.2,-1.2,10
14,SET_READ,0.2,1.4320203364950216e-05,7.160101682475107e-05,1.2,-1.2,10
14,RESET_READ,0.2,4.41695566425317e-07,2.208477832126585e-06,1.2,-1.2,10
15,SET_READ,0.2,1.4382641820069207e-05,7.191320910034603e-05,1.2,-1.2,10
15,RESET_READ,0.2,4.3519580242464144e-07,2.175979012123207e-06,1.2,-1.2,10
16,SET_READ,0.2,1.4390588814752667e-05,7.195294407376333e-05,1.2,-1.2,10
16,RESET_READ,0.2,4.4808187612238287e-07,2.2404093806119143e-06,1.2,-1.2,10
17,SET_READ,0.2,1.4287644986589176e-05,7.143822493294587e-05,1.2,-1.2,10
17,RESET_READ,0.2,4.345189102579061e-07,2.1725945512895303e-06,1.2,-1.2,10
18,SET_READ,0.2,1.4036645381875638e-05,7.018322690937818e-05,1.2,-1.2,10
18,RESET_READ,0.2,4.5760135247735145e-07,2.288006762386757e-06,1.2,-1.2,10
19,SET_READ,0.2,1.4022193494645086e-05,7.011096747322543e-05,1.2,-1.2,10
19,RESET_READ,0.2,4.648849204360074e-07,2.3244246021800367e-06,1.2,-1.2,10
20,SET_READ,0.2,1.3839452268745831e-05,6.919726134372915e-05,1.2,-1.2,10
20,RESET_READ,0.2,4.6665255998490707e-07,2.333262799924535e-06,1.2,-1.2,10
21,SET_READ,0.2,1.4025980417441231e-05,7.012990208720615e-05,1.2,-1.2,10
21,RESET_READ,0.2,4.441170957041895e-07,2.2205854785209473e-06,1.2,-1.2,10
22,SET_READ,0.2,1.4178650448238811e-05,7.089325224119405e-05,1.2,-1.2,10
22,RESET_READ,0.2,4.5781385173961153e-07,2.2890692586980575e-06,1.2,-1.2,10
23,SET_READ,0.2,1.3926998825897481e-05,6.963499412948741e-05,1.2,-1.2,10
23,RESET_READ,0.2,4.563567126340138e-07,2.281783563170069e-06,1.2,-1.2,10
24,SET_READ,0.2,1.3996595641684897e-05,6.998297820842448e-05,1.2,-1.2,10
24,RESET_READ,0.2,4.6295218701793946e-07,2.314760935089697e-06,1.2,-1.2,10
25,SET_READ,0.2,1.390975738166493e-05,6.954878690832465e-05,1.2,-1.2,10
25,RESET_READ,0.2,4.7365310928972726e-07,2.368265546448636e-06,1.2,-1.2,10
26,SET_READ,0.2,1.3973323253235233e-05,6.986661626617616e-05,1.2,-1.2,10
26,RESET_READ,0.2,4.878287181690147e-07,2.4391435908450734e-06,1.2,-1.2,10
27,SET_READ,0.2,1.3673680176032154e-05,6.836840088016077e-05,1.2,-1.2,10
27,RESET_READ,0.2,4.771816257620173e-07,2.3859081288100864e-06,1.2,-1.2,10
28,SET_READ,0.2,1.3853251038255187e-05,6.926625519127593e-05,1.2,-1.2,10
28,RESET_READ,0.2,4.778240279975883e-07,2.3891201399879416e-06,1.2,-1.2,10
29,SET_READ,0.2,1.364460851861233e-05,6.822304259306165e-05,1.2,-1.2,10
29,RESET_READ,0.2,4.6190806809060374e-07,2.3095403404530185e-06,1.2,-1.2,10
30,SET_READ,0.2,1.3451516136368763e-05,6.72575806818438e-05,1.2,-1.2,10
30,RESET_READ,0.2,4.823731658453023e-07,2.4118658292265116e-06,1.2,-1.2,10
31,SET_READ,0.2,1.3466967954169679e-05,6.733483977084839e-05,1.2,-1.2,10
31,RESET_READ,0.2,4.726420181771857e-07,2.3632100908859283e-06,1.2,-1.2,10
32,SET_READ,0.2,1.3748387405379684e-05,6.874193702689841e-05,1.2,-1.2,10
32,RESET_READ,0.2,4.800564954757022e-07,2.4002824773785106e-06,1.2,-1.2,10
33,SET_READ,0.2,1.3736217929892264e-05,6.868108964946132e-05,1.2,-1.2,10
33,RESET_READ,0.2,4.618712612089801e-07,2.3093563060449003e-06,1.2,-1.2,10
34,SET_READ,0.2,1.344393735132855e-05,6.721968675664275e-05,1.2,-1.2,10
34,RESET_READ,0.2,4.586616024225184e-07,2.293308012112592e-06,1.2,-1.2,10
35,SET_READ,0.2,1.354531233596358e-05,6.77265616798179e-05,1.2,-1.2,10
35,RESET_READ,0.2,4.716635653010793e-07,2.358317826505396e-06,1.2,-1.2,10
36,SET_READ,0.2,1.3626819702890886e-05,6.813409851445443e-05,1.2,-1.2,10
36,RESET_READ,0.2,4.495129772509259e-07,2.2475648862546293e-06,1.2,-1.2,10
37,SET_READ,0.2,1.3450691303821582e-05,6.72534565191079e-05,1.2,-1.2,10
37,RESET_READ,0.2,4.446319880494137e-07,2.2231599402470686e-06,1.2,-1.2,10
38,SET_READ,0.2,1.3334618785935182e-05,6.66730939296759e-05,1.2,-1.2,10
38,RESET_READ,0.2,4.512090800971642e-07,2.256045400485821e-06,1.2,-1.2,10
39,SET_READ,0.2,1.3255927733353914e-05,6.627963866676957e-05,1.2,-1.2,10
39,RESET_READ,0.2,4.437508528338672e-07,2.218754264169336e-06,1.2,-1.2,10
40,SET_READ,0.2,1.3306417471236162e-05,6.653208735618081e-05,1.2,-1.2,10
40,RESET_READ,0.2,4.6655582095637e-07,2.33277910478185e-06,1.2,-1.2,10
41,SET_READ,0.2,1.3290161789047322e-05,6.64508089452366e-05,1.2,-1.2,10
41,RESET_READ,0.2,4.7128660450973495e-07,2.3564330225486746e-06,1.2,-1.2,10
42,SET_READ,0.2,1.3310936696681557e-05,6.655468348340778e-05,1.2,-1.2,10
42,RESET_READ,0.2,4.865654451226822e-07,2.432827225613411e-06,1.2,-1.2,10
43,SET_READ,0.2,1.3102363518448905e-05,6.551181759224452e-05,1.2,-1.2,10
43,RESET_READ,0.2,5.017493602553547e-07,2.5087468012767736e-06,1.2,-1.2,10
44,SET_READ,0.2,1.286487294690087e-05,6.432436473450435e-05,1.2,-1.2,10
44,RESET_READ,0.2,4.989483905115472e-07,2.4947419525577358e-06,1.2,-1.2,10
45,SET_READ,0.2,1.2688453609621434e-05,6.344226804810717e-05,1.2,-1.2,10
45,RESET_READ,0.2,4.798276572625194e-07,2.399138286312597e-06,1.2,-1.2,10
46,SET_READ,0.2,1.2461339065941404e-05,6.230669532970702e-05,1.2,-1.2,10
46,RESET_READ,0.2,4.886028818225896e-07,2.443014409112948e-06,1.2,-1.2,10
47,SET_READ,0.2,1.2436448224864432e-05,6.218224112432215e-05,1.2,-1.2,10
47,RESET_READ,0.2,5.021983462040792e-07,2.510991731020396e-06,1.2,-1.2,10
48,SET_READ,0.2,1.2302385651369661e-05,6.15119282568483e-05,1.2,-1.2,10
48,RESET_READ,0.2,4.969008078332641e-07,2.4845040391663205e-06,1.2,-1.2,10
49,SET_READ,0.2,1.2406699237698365e-05,6.203349618849182e-05,1.2,-1.2,10
49,RESET_READ,0.2,5.076163676068839e-07,2.538081838034419e-06,1.2,-1.2,10
50,SET_READ,0.2,1.2313553527652954e-05,6.156776763826476e-05,1.2,-1.2,10
50,RESET_READ,0.2,5.086956769831811e-07,2.5434783849159054e-06,1.2,-1.2,10
51,SET_READ,0.2,1.2351105923071311e-05,6.175552961535656e-05,1.2,-1.2,10
51,RESET_READ,0.2,5.038774347131764e-07,2.519387173565882e-06,1.2,-1.2,10
52,SET_READ,0.2,1.224814953651238e-05,6.124074768256189e-05,1.2,-1.2,10
52,RESET_READ,0.2,5.080951627860929e-07,2.5404758139304643e-06,1.2,-1.2,10
53,SET_READ,0.2,1.2196692684289915e-05,6.0983463421449566e-05,1.2,-1.2,10
53,RESET_READ,0.2,5.157766108118921e-07,2.57888305405946e-06,1.2,-1.2,10
54,SET_READ,0.2,1.2239086799057553e-05,6.119543399528776e-05,1.2,-1.2,10
54,RESET_READ,0.2,5.212300240085598e-07,2.6061501200427993e-06,1.2,-1.2,10
55,SET_READ,0.2,1.2196222271693979e-05,6.098111135846989e-05,1.2,-1.2,10
55,RESET_READ,0.2,5.406243440344445e-07,2.703121720172222e-06,1.2,-1.2,10
56,SET_READ,0.2,1.1845291636891304e-05,5.922645818445651e-05,1.2,-1.2,10
56,RESET_READ,0.2,5.497470599352501e-07,2.7487352996762502e-06,1.2,-1.2,10
57,SET_READ,0.2,1.1795227954039105e-05,5.897613977019552e-05,1.2,-1.2,10
57,RESET_READ,0.2,5.382752344308649e-07,2.691376172154324e-06,1.2,-1.2,10
58,SET_READ,0.2,1.1828435121251055e-05,5.914217560625527e-05,1.2,-1.2,10
58,RESET_READ,0.2,5.351244535294226e-07,2.675622267647113e-06,1.2,-1.2,10
59,SET_READ,0.2,1.1619799698544837e-05,5.809899849272418e-05,1.2,-1.2,10
59,RESET_READ,0.2,5.704665310973978e-07,2.8523326554869886e-06,1.2,-1.2,10
60,SET_READ,0.2,1.1192721147679479e-05,5.5963605738397395e-05,1.2,-1.2,10
60,RESET_READ,0.2,5.528169839534252e-07,2.764084919767126e-06,1.2,-1.2,10
61,SET_READ,0.2,1.0904063918773504e-05,5.452031959386752e-05,1.2,-1.2,10
61,RESET_READ,0.2,5.831906275991379e-07,2.915953137995689e-06,1.2,-1.2,10
62,SET_READ,0.2,1.1147570331272888e-05,5.5737851656364435e-05,1.2,-1.2,10
62,RESET_READ,0.2,5.829296964979762e-07,2.9146484824898806e-06,1.2,-1.2,10
63,SET_READ,0.2,1.1282243772576179e-05,5.641121886288089e-05,1.2,-1.2,10
63,RESET_READ,0.2,6.105106882385873e-07,3.052553441192936e-06,1.2,-1.2,10
64,SET_READ,0.2,1.0987363824913962e-05,5.4936819124569806e-05,1.2,-1.2,10
64,RESET_READ,0.2,6.139671430334199e-07,3.069835715167099e-06,1.2,-1.2,10
65,SET_READ,0.2,1.115400621888036e-05,5.5770031094401796e-05,1.2,-1.2,10
65,RESET_READ,0.2,5.98758727755229e-07,2.9937936387761444e-06,1.2,-1.2,10
66,SET_READ,0.2,1.10749078647309e-05,5.53745393236545e-05,1.2,-1.2,10
66,RESET_READ,0.2,6.09150056059634e-07,3.0457502802981698e-06,1.2,-1.2,10
67,SET_READ,0.2,1.1261635542510176e-05,5.6308177712550876e-05,1.2,-1.2,10
67,RESET_READ,0.2,5.955653171576905e-07,2.977826585788452e-06,1.2,-1.2,10
68,SET_READ,0.2,1.1332693319388999e-05,5.666346659694499e-05,1.2,-1.2,10
68,RESET_READ,0.2,5.996511365443595e-07,2.9982556827217976e-06,1.2,-1.2,10
69,SET_READ,0.2,1.1208529025388827e-05,5.604264512694413e-05,1.2,-1.2,10
69,RESET_READ,0.2,5.839522898687791e-07,2.919761449343895e-06,1.2,-1.2,10
70,SET_READ,0.2,1.126670484002478e-05,5.63335242001239e-05,1.2,-1.2,10
70,RESET_READ,0.2,6.115183211606264e-07,3.0575916058031318e-06,1.2,-1.2,10
71,SET_READ,0.2,1.1060117806001102e-05,5.5300589030005505e-05,1.2,-1.2,10
71,RESET_READ,0.2,6.079962116613517e-07,3.0399810583067587e-06,1.2,-1.2,10
72,SET_READ,0.2,1.101253310095995e-05,5.506266550479974e-05,1.2,-1.2,10
72,RESET_READ,0.2,6.031767013541475e-07,3.0158835067707376e-06,1.2,-1.2,10
73,SET_READ,0.2,1.10169990442063e-05,5.508499522103149e-05,1.2,-1.2,10
73,RESET_READ,0.2,6.112659942363532e-07,3.0563299711817655e-06,1.2,-1.2,10
74,SET_READ,0.2,1.0758695519909272e-05,5.3793477599546356e-05,1.2,-1.2,10
74,RESET_READ,0.2,6.189669303409681e-07,3.09483465170484e-06,1.2,-1.2,10
75,SET_READ,0.2,1.0760055894362847e-05,5.380027947181423e-05,1.2,-1.2,10
75,RESET_READ,0.2,6.162165580555453e-07,3.081082790277726e-06,1.2,-1.2,10
76,SET_READ,0.2,1.1074902158388277e-05,5.537451079194138e-05,1.2,-1.2,10
76,RESET_READ,0.2,6.19159461805344e-07,3.09579730902672e-06,1.2,-1.2,10
77,SET_READ,0.2,1.1187107885460529e-05,5.593553942730264e-05,1.2,-1.2,10
77,RESET_READ,0.2,6.239628899746804e-07,3.119814449873402e-06,1.2,-1.2,10
78,SET_READ,0.2,1.0976281797862803e-05,5.488140898931401e-05,1.2,-1.2,10
78,RESET_READ,0.2,6.303929530938293e-07,3.151964765469146e-06,1.2,-1.2,10
79,SET_READ,0.2,1.094979890485989e-05,5.4748994524299446e-05,1.2,-1.2,10
79,RESET_READ,0.2,6.15554657905928e-07,3.07777328952964e-06,1.2,-1.2,10
80,SET_READ,0.2,1.0800967265446941e-05,5.40048363272347e-05,1.2,-1.2,10
80,RESET_READ,0.2,6.206217488752794e-07,3.103108744376397e-06,1.2,-1.2,10
81,SET_READ,0.2,1.06555738915817e-05,5.3277869457908494e-05,1.2,-1.2,10
81,RESET_READ,0.2,6.483905169857163e-07,3.241952584928581e-06,1.2,-1.2,10
82,SET_READ,0.2,1.0390752607068072e-05,5.195376303534036e-05,1.2,-1.2,10
82,RESET_READ,0.2,6.380522369001916e-07,3.1902611845009577e-06,1.2,-1.2,10
83,SET_READ,0.2,1.0396431964105083e-05,5.198215982052541e-05,1.2,-1.2,10
83,RESET_READ,0.2,6.523289431691848e-07,3.2616447158459237e-06,1.2,-1.2,10
84,SET_READ,0.2,1.039168700707512e-05,5.19584350353756e-05,1.2,-1.2,10
84,RESET_READ,0.2,6.381591978634804e-07,3.1907959893174016e-06,1.2,-1.2,10
85,SET_READ,0.2,1.0471985531254104e-05,5.2359927656270516e-05,1.2,-1.2,10
85,RESET_READ,0.2,6.606852158141378e-07,3.303426079070689e-06,1.2,-1.2,10
86,SET_READ,0.2,1.0517727338377766e-05,5.2588636691888826e-05,1.2,-1.2,10
86,RESET_READ,0.2,6.81422391123243e-07,3.407111955616215e-06,1.2,-1.2,10
87,SET_READ,0.2,1.039897488286127e-05,5.1994874414306354e-05,1.2,-1.2,10
87,RESET_READ,0.2,6.688428474595929e-07,3.3442142372979646e-06,1.2,-1.2,10
88,SET_READ,0.2,1.0233813257888526e-05,5.116906628944263e-05,1.2,-1.2,10
88,RESET_READ,0.2,6.691855703358876e-07,3.3459278516794377e-06,1.2,-1.2,10
89,SET_READ,0.2,1.0044193667554759e-05,5.0220968337773786e-05,1.2,-1.2,10
89,RESET_READ,0.2,6.815568662673863e-07,3.407784331336931e-06,1.2,-1.2,10
90,SET_READ,0.2,9.871666389788878e-06,4.935833194894439e-05,1.2,-1.2,10
90,RESET_READ,0.2,6.823787906517041e-07,3.4118939532585203e-06,1.2,-1.2,10
91,SET_READ,0.2,9.939860425616893e-06,4.9699302128084466e-05,1.2,-1.2,10
91,RESET_READ,0.2,6.664215371898503e-07,3.3321076859492513e-06,1.2,-1.2,10
92,SET_READ,0.2,9.671133701170194e-06,4.8355668505850964e-05,1.2,-1.2,10
92,RESET_READ,0.2,6.706565312260053e-07,3.3532826561300262e-06,1.2,-1.2,10
93,SET_READ,0.2,9.588033787800954e-06,4.7940168939004765e-05,1.2,-1.2,10
93,RESET_READ,0.2,6.496254183574418e-07,3.248127091787209e-06,1.2,-1.2,10
94,SET_READ,0.2,9.699189763620575e-06,4.849594881810287e-05,1.2,-1.2,10
94,RESET_READ,0.2,6.671310821848946e-07,3.335655410924473e-06,1.2,-1.2,10
95,SET_READ,0.2,9.639461709880134e-06,4.819730854940066e-05,1.2,-1.2,10
95,RESET_READ,0.2,6.58368593808354e-07,3.29184296904177e-06,1.2,-1.2,10
96,SET_READ,0.2,9.807352303034052e-06,4.9036761515170254e-05,1.2,-1.2,10
96,RESET_READ,0.2,6.613625009690074e-07,3.3068125048450368e-06,1.2,-1.2,10
97,SET_READ,0.2,9.801691054945077e-06,4.9008455274725386e-05,1.2,-1.2,10
97,RESET_READ,0.2,6.371931684788631e-07,3.1859658423943155e-06,1.2,-1.2,10
98,SET_READ,0.2,9.875210723280228e-06,4.937605361640114e-05,1.2,-1.2,10
98,RESET_READ,0.2,6.266056439280744e-07,3.133028219640372e-06,1.2,-1.2,10
99,SET_READ,0.2,9.79950428979172e-06,4.8997521448958596e-05,1.2,-1.2,10
99,RESET_READ,0.2,6.130974797237811e-07,3.0654873986189053e-06,1.2,-1.2,10
100,SET_READ,0.2,9.905219836860746e-06,4.952609918430373e-05,1.2,-1.2,10
100,RESET_READ,0.2,5.989354192870833e-07,2.9946770964354167e-06,1.2,-1.2,10
101,SET_READ,0.2,9.801314460771922e-06,4.900657230385961e-05,1.2,-1.2,10
101,RESET_READ,0.2,6.131689676810581e-07,3.06584483840529e-06,1.2,-1.2,10
102,SET_READ,0.2,9.59017786762458e-06,4.795088933812289e-05,1.2,-1.2,10
102,RESET_READ,0.2,5.797484447871729e-07,2.8987422239358645e-06,1.2,-1.2,10
103,SET_READ,0.2,9.63446111509766e-06,4.817230557548829e-05,1.2,-1.2,10
103,RESET_READ,0.2,5.796652668317806e-07,2.898326334158903e-06,1.2,-1.2,10
104,SET_READ,0.2,9.376999334221685e-06,4.6884996671108424e-05,1.2,-1.2,10
104,RESET_READ,0.2,5.782245065866514e-07,2.891122532933257e-06,1.2,-1.2,10
105,SET_READ,0.2,9.161802897197284e-06,4.5809014485986413e-05,1.2,-1.2,10
105,RESET_READ,0.2,5.661711277023843e-07,2.830855638511922e-06,1.2,-1.2,10
106,SET_READ,0.2,9.227122861370342e-06,4.613561430685171e-05,1.2,-1.2,10
106,RESET_READ,0.2,5.843941848600864e-07,2.9219709243004317e-06,1.2,-1.2,10
107,SET_READ,0.2,9.237011513879402e-06,4.618505756939701e-05,1.2,-1.2,10
107,RESET_READ,0.2,6.180895786515204e-07,3.090447893257602e-06,1.2,-1.2,10
108,SET_READ,0.2,9.323880988802433e-06,4.661940494401216e-05,1.2,-1.2,10
108,RESET_READ,0.2,6.149223250510933e-07,3.0746116252554663e-06,1.2,-1.2,10
109,SET_READ,0.2,9.159237076159587e-06,4.579618538079793e-05,1.2,-1.2,10
109,RESET_READ,0.2,6.28653010614098e-07,3.1432650530704895e-06,1.2,-1.2,10
110,SET_READ,0.2,9.056521862845292e-06,4.528260931422646e-05,1.2,-1.2,10
110,RESET_READ,0.2,6.203222235039697e-07,3.1016111175198483e-06,1.2,-1.2,10
111,SET_READ,0.2,9.083668218584379e-06,4.541834109292189e-05,1.2,-1.2,10
111,RESET_READ,0.2,6.293833283790072e-07,3.1469166418950356e-06,1.2,-1.2,10
112,SET_READ,0.2,8.765471368701355e-06,4.382735684350677e-05,1.2,-1.2,10
112,RESET_READ,0.2,6.302242993088725e-07,3.1511214965443625e-06,1.2,-1.2,10
113,SET_READ,0.2,8.967543963507299e-06,4.483771981753649e-05,1.2,-1.2,10
113,RESET_READ,0.2,6.219034395658866e-07,3.109517197829433e-06,1.2,-1.2,10
114,SET_READ,0.2,8.791623214339968e-06,4.395811607169984e-05,1.2,-1.2,10
114,RESET_READ,0.2,6.388011596344304e-07,3.1940057981721517e-06,1.2,-1.2,10
115,SET_READ,0.2,8.7655818050514e-06,4.3827909025257e-05,1.2,-1.2,10
115,RESET_READ,0.2,6.446202292088747e-07,3.223101146044373e-06,1.2,-1.2,10
116,SET_READ,0.2,8.73573597233224e-06,4.3678679861661194e-05,1.2,-1.2,10
116,RESET_READ,0.2,6.547488347984694e-07,3.273744173992347e-06,1.2,-1.2,10
117,SET_READ,0.2,8.576444816010442e-06,4.288222408005221e-05,1.2,-1.2,10
117,RESET_READ,0.2,6.693373811637501e-07,3.34668690581875e-06,1.2,-1.2,10
118,SET_READ,0.2,8.578498878528853e-06,4.2892494392644264e-05,1.2,-1.2,10
118,RESET_READ,0.2,6.379697341006185e-07,3.1898486705030923e-06,1.2,-1.2,10
119,SET_READ,0.2,8.323480944315799e-06,4.161740472157899e-05,1.2,-1.2,10
119,RESET_READ,0.2,6.524484290242792e-07,3.2622421451213957e-06,1.2,-1.2,10
120,SET_READ,0.2,8.38712557979101e-06,4.193562789895505e-05,1.2,-1.2,10
120,RESET_READ,0.2,6.547391374221292e-07,3.2736956871106456e-06,1.2,-1.2,10
121,SET_READ,0.2,8.518417732367666e-06,4.259208866183832e-05,1.2,-1.2,10
121,RESET_READ,0.2,6.3498129167395e-07,3.1749064583697496e-06,1.2,-1.2,10
122,SET_READ,0.2,8.478620191222907e-06,4.2393100956114534e-05,1.2,-1.2,10
122,RESET_READ,0.2,6.649411422119248e-07,3.3247057110596237e-06,1.2,-1.2,10
123,SET_READ,0.2,8.452797035389975e-06,4.226398517694987e-05,1.2,-1.2,10
123,RESET_READ,0.2,6.358904566198826e-07,3.1794522830994125e-06,1.2,-1.2,10
124,SET_READ,0.2,8.554027252614294e-06,4.277013626307146e-05,1.2,-1.2,10
124,RESET_READ,0.2,6.335502411159801e-07,3.1677512055799003e-06,1.2,-1.2,10
125,SET_READ,0.2,8.526043084032968e-06,4.2630215420164844e-05,1.2,-1.2,10
125,RESET_READ,0.2,6.559445623896003e-07,3.2797228119480014e-06,1.2,-1.2,10
126,SET_READ,0.2,8.323458327116207e-06,4.161729163558103e-05,1.2,-1.2,10
126,RESET_READ,0.2,6.619376557997847e-07,3.309688278998923e-06,1.2,-1.2,10
127,SET_READ,0.2,8.150565823515083e-06,4.075282911757541e-05,1.2,-1.2,10
127,RESET_READ,0.2,6.538867816806917e-07,3.269433908403458e-06,1.2,-1.2,10
128,SET_READ,0.2,8.364921520895841e-06,4.1824607604479207e-05,1.2,-1.2,10
128,RESET_READ,0.2,6.587043260650086e-07,3.2935216303250428e-06,1.2,-1.2,10
129,SET_READ,0.2,8.043430430919616e-06,4.021715215459808e-05,1.2,-1.2,10
129,RESET_READ,0.2,6.574748107073432e-07,3.2873740535367155e-06,1.2,-1.2,10
130,SET_READ,0.2,7.935106811779508e-06,3.967553405889754e-05,1.2,-1.2,10
130,RESET_READ,0.2,6.354445948639403e-07,3.1772229743197015e-06,1.2,-1.2,10
131,SET_READ,0.2,7.902009595937641e-06,3.95100479796882e-05,1.2,-1.2,10
131,RESET_READ,0.2,6.321416757001543e-07,3.160708378500771e-06,1.2,-1.2,10
132,SET_READ,0.2,7.820670235136476e-06,3.9103351175682373e-05,1.2,-1.2,10
132,RESET_READ,0.2,6.254935801874579e-07,3.1274679009372895e-06,1.2,-1.2,10
133,SET_READ,0.2,7.774046604608002e-06,3.887023302304001e-05,1.2,-1.2,10
133,RESET_READ,0.2,5.94285619144079e-07,2.9714280957203947e-06,1.2,-1.2,10
134,SET_READ,0.2,7.6260756054396694e-06,3.8130378027198346e-05,1.2,-1.2,10
134,RESET_READ,0.2,6.108606839408004e-07,3.0543034197040016e-06,1.2,-1.2,10
135,SET_READ,0.2,7.652390449074787e-06,3.8261952245373935e-05,1.2,-1.2,10
135,RESET_READ,0.2,6.107301155964243e-07,3.053650577982121e-06,1.2,-1.2,10
136,SET_READ,0.2,7.600105750332156e-06,3.800052875166078e-05,1.2,-1.2,10
136,RESET_READ,0.2,6.001930872262474e-07,3.0009654361312365e-06,1.2,-1.2,10
137,SET_READ,0.2,7.4879078038773495e-06,3.743953901938675e-05,1.2,-1.2,10
137,RESET_READ,0.2,6.281739166093845e-07,3.1408695830469224e-06,1.2,-1.2,10
138,SET_READ,0.2,7.476149781660742e-06,3.738074890830371e-05,1.2,-1.2,10
138,RESET_READ,0.2,6.085151332134569e-07,3.042575666067284e-06,1.2,-1.2,10
139,SET_READ,0.2,7.444542976793157e-06,3.722271488396578e-05,1.2,-1.2,10
139,RESET_READ,0.2,6.31382168101944e-07,3.15691084050972e-06,1.2,-1.2,10
140,SET_READ,0.2,7.335023091086236e-06,3.6675115455431176e-05,1.2,-1.2,10
140,RESET_READ,0.2,6.293849392634669e-07,3.1469246963173342e-06,1.2,-1.2,10
141,SET_READ,0.2,7.28090631020896e-06,3.64045315510448e-05,1.2,-1.2,10
141,RESET_READ,0.2,6.33319497596688e-07,3.1665974879834393e-06,1.2,-1.2,10
142,SET_READ,0.2,7.2481518122189026e-06,3.624075906109451e-05,1.2,-1.2,10
142,RESET_READ,0.2,6.543836229974408e-07,3.271918114987204e-06,1.2,-1.2,10
143,SET_READ,0.2,7.193179108408476e-06,3.596589554204238e-05,1.2,-1.2,10
143,RESET_READ,0.2,6.51126224005361e-07,3.255631120026805e-06,1.2,-1.2,10
144,SET_READ,0.2,7.080890495071489e-06,3.540445247535744e-05,1.2,-1.2,10
144,RESET_READ,0.2,6.803812606956377e-07,3.4019063034781887e-06,1.2,-1.2,10
145,SET_READ,0.2,7.093963724115309e-06,3.546981862057654e-05,1.2,-1.2,10
145,RESET_READ,0.2,6.739570616529144e-07,3.3697853082645716e-06,1.2,-1.2,10
146,SET_READ,0.2,7.163826877452293e-06,3.581913438726146e-05,1.2,-1.2,10
146,RESET_READ,0.2,6.77641551930468e-07,3.3882077596523398e-06,1.2,-1.2,10
147,SET_READ,0.2,7.215756750460964e-06,3.607878375230482e-05,1.2,-1.2,10
147,RESET_READ,0.2,6.68048605665553e-07,3.3402430283277645e-06,1.2,-1.2,10
148,SET_READ,0.2,7.179867394948917e-06,3.5899336974744586e-05,1.2,-1.2,10
148,RESET_READ,0.2,6.960574888655088e-07,3.4802874443275435e-06,1.2,-1.2,10
149,SET_READ,0.2,7.078063479703338e-06,3.539031739851669e-05,1.2,-1.2,10
149,RESET_READ,0.2,7.153261021154271e-07,3.5766305105771353e-06,1.2,-1.2,10
150,SET_READ,0.2,6.921571139980779e-06,3.4607855699903895e-05,1.2,-1.2,10
150,RESET_READ,0.2,6.964710106098689e-07,3.482355053049344e-06,1.2,-1.2,10
151,SET_READ,0.2,6.9430262347863e-06,3.47151311739315e-05,1.2,-1.2,10
151,RESET_READ,0.2,6.985075253684092e-07,3.4925376268420455e-06,1.2,-1.2,10
152,SET_READ,0.2,6.953445620581545e-06,3.4767228102907725e-05,1.2,-1.2,10
152,RESET_READ,0.2,6.793099412174651e-07,3.396549706087325e-06,1.2,-1.2,10
153,SET_READ,0.2,7.0389505024557665e-06,3.519475251227883e-05,1.2,-1.2,10
153,RESET_READ,0.2,6.629709167035249e-07,3.3148545835176243e-06,1.2,-1.2,10
154,SET_READ,0.2,7.0135919870632165e-06,3.506795993531608e-05,1.2,-1.2,10
154,RESET_READ,0.2,6.673587230102464e-07,3.3367936150512317e-06,1.2,-1.2,10
155,SET_READ,0.2,6.928435242660446e-06,3.464217621330223e-05,1.2,-1.2,10
155,RESET_READ,0.2,6.437728245200051e-07,3.2188641226000257e-06,1.2,-1.2,10
156,SET_READ,0.2,6.779867141055441e-06,3.3899335705277204e-05,1.2,-1.2,10
156,RESET_READ,0.2,6.264492720013749e-07,3.1322463600068744e-06,1.2,-1.2,10
157,SET_READ,0.2,6.750694635215377e-06,3.375347317607689e-05,1.2,-1.2,10
157,RESET_READ,0.2,6.407608572030451e-07,3.2038042860152252e-06,1.2,-1.2,10
158,SET_READ,0.2,6.913379340093373e-06,3.4566896700466864e-05,1.2,-1.2,10
158,RESET_READ,0.2,6.231151278497353e-07,3.1155756392486767e-06,1.2,-1.2,10
159,SET_READ,0.2,7.0155978066249825e-06,3.507798903312491e-05,1.2,-1.2,10
159,RESET_READ,0.2,6.580719445427977e-07,3.2903597227139883e-06,1.2,-1.2,10
160,SET_READ,0.2,6.826782130999838e-06,3.413391065499919e-05,1.2,-1.2,10
160,RESET_READ,0.2,6.567173400118213e-07,3.283586700059106e-06,1.2,-1.2,10
161,SET_READ,0.2,6.852894589732609e-06,3.4264472948663044e-05,1.2,-1.2,10
161,RESET_READ,0.2,6.636936680491822e-07,3.318468340245911e-06,1.2,-1.2,10
162,SET_READ,0.2,6.7062776925860244e-06,3.353138846293012e-05,1.2,-1.2,10
162,RESET_READ,0.2,6.634283631434907e-07,3.317141815717453e-06,1.2,-1.2,10
163,SET_READ,0.2,6.664294077576624e-06,3.332147038788312e-05,1.2,-1.2,10
163,RESET_READ,0.2,6.94237441919469e-07,3.471187209597345e-06,1.2,-1.2,10
164,SET_READ,0.2,6.683935908958684e-06,3.3419679544793415e-05,1.2,-1.2,10
164,RESET_READ,0.2,6.939076863443327e-07,3.4695384317216633e-06,1.2,-1.2,10
165,SET_READ,0.2,6.490925150491023e-06,3.245462575245511e-05,1.2,-1.2,10
165,RESET_READ,0.2,7.050161801559215e-07,3.525080900779607e-06,1.2,-1.2,10
166,SET_READ,0.2,6.568976399808378e-06,3.284488199904189e-05,1.2,-1.2,10
166,RESET_READ,0.2,6.882781736861243e-07,3.441390868430621e-06,1.2,-1.2,10
167,SET_READ,0.2,6.5089232081911685e-06,3.254461604095584e-05,1.2,-1.2,10
167,RESET_READ,0.2,6.816364794466441e-07,3.4081823972332206e-06,1.2,-1.2,10
168,SET_READ,0.2,6.411785819637529e-06,3.2058929098187644e-05,1.2,-1.2,10
168,RESET_READ,0.2,6.667142213013975e-07,3.3335711065069875e-06,1.2,-1.2,10
169,SET_READ,0.2,6.384909550478997e-06,3.1924547752394984e-05,1.2,-1.2,10
169,RESET_READ,0.2,6.426957286034648e-07,3.2134786430173235e-06,1.2,-1.2,10
170,SET_READ,0.2,6.41751486820073e-06,3.208757434100365e-05,1.2,-1.2,10
170,RESET_READ,0.2,6.688451346500641e-07,3.34422567325032e-06,1.2,-1.2,10
171,SET_READ,0.2,6.233197888373716e-06,3.116598944186858e-05,1.2,-1.2,10
171,RESET_READ,0.2,6.787764423157252e-07,3.3938822115786258e-06,1.2,-1.2,10
172,SET_READ,0.2,6.171603604836668e-06,3.085801802418334e-05,1.2,-1.2,10
172,RESET_READ,0.2,6.89664242708714e-07,3.4483212135435697e-06,1.2,-1.2,10
173,SET_READ,0.2,6.002767129906644e-06,3.001383564953322e-05,1.2,-1.2,10
173,RESET_READ,0.2,6.931575373463169e-07,3.4657876867315844e-06,1.2,-1.2,10
174,SET_READ,0.2,5.999230933565151e-06,2.9996154667825753e-05,1.2,-1.2,10
174,RESET_READ,0.2,6.823047448535357e-07,3.411523724267678e-06,1.2,-1.2,10
175,SET_READ,0.2,5.842046574074029e-06,2.9210232870370143e-05,1.2,-1.2,10
175,RESET_READ,0.2,6.767323054564563e-07,3.383661527282281e-06,1.2,-1.2,10
176,SET_READ,0.2,5.912325989848352e-06,2.9561629949241758e-05,1.2,-1.2,10
176,RESET_READ,0.2,6.58228027562429e-07,3.2911401378121444e-06,1.2,-1.2,10
177,SET_READ,0.2,5.796258828681411e-06,2.8981294143407052e-05,1.2,-1.2,10
177,RESET_READ,0.2,6.610663491206137e-07,3.305331745603068e-06,1.2,-1.2,10
178,SET_READ,0.2,5.8308761918944965e-06,2.915438095947248e-05,1.2,-1.2,10
178,RESET_READ,0.2,6.338420296519075e-07,3.1692101482595373e-06,1.2,-1.2,10
179,SET_READ,0.2,5.809302709759423e-06,2.904651354879711e-05,1.2,-1.2,10
179,RESET_READ,0.2,6.419450608377612e-07,3.209725304188806e-06,1.2,-1.2,10
180,SET_READ,0.2,5.871376416651553e-06,2.9356882083257766e-05,1.2,-1.2,10
180,RESET_READ,0.2,6.46841026131646e-07,3.23420513065823e-06,1.2,-1.2,10
181,SET_READ,0.2,5.613616050259048e-06,2.806808025129524e-05,1.2,-1.2,10
181,RESET_READ,0.2,6.500786170619615e-07,3.250393085309807e-06,1.2,-1.2,10
182,SET_READ,0.2,5.601365348329214e-06,2.800682674164607e-05,1.2,-1.2,10
182,RESET_READ,0.2,6.34217696574534e-07,3.1710884828726696e-06,1.2,-1.2,10
183,SET_READ,0.2,5.639767215876988e-06,2.8198836079384938e-05,1.2,-1.2,10
183,RESET_READ,0.2,6.457600310462634e-07,3.2288001552313172e-06,1.2,-1.2,10
184,SET_READ,0.2,5.6177625042715284e-06,2.808881252135764e-05,1.2,-1.2,10
184,RESET_READ,0.2,6.26993083927172e-07,3.1349654196358597e-06,1.2,-1.2,10
185,SET_READ,0.2,5.596807226615791e-06,2.7984036133078956e-05,1.2,-1.2,10
185,RESET_READ,0.2,6.005758869366827e-07,3.002879434683413e-06,1.2,-1.2,10
186,SET_READ,0.2,5.707286108352509e-06,2.8536430541762543e-05,1.2,-1.2,10
186,RESET_READ,0.2,5.98943038191166e-07,2.99471519095583e-06,1.2,-1.2,10
187,SET_READ,0.2,5.618543226915705e-06,2.8092716134578523e-05,1.2,-1.2,10
187,RESET_READ,0.2,6.057392182180861e-07,3.0286960910904303e-06,1.2,-1.2,10
188,SET_READ,0.2,5.594142713617261e-06,2.79707135680863e-05,1.2,-1.2,10
188,RESET_READ,0.2,6.210551169097525e-07,3.105275584548762e-06,1.2,-1.2,10
189,SET_READ,0.2,5.546286569841489e-06,2.773143284920744e-05,1.2,-1.2,10
189,RESET_READ,0.2,6.277144184644888e-07,3.1385720923224437e-06,1.2,-1.2,10
190,SET_READ,0.2,5.595943296006579e-06,2.7979716480032893e-05,1.2,-1.2,10
190,RESET_READ,0.2,6.329399446392067e-07,3.1646997231960334e-06,1.2,-1.2,10
191,SET_READ,0.2,5.622496645976488e-06,2.8112483229882437e-05,1.2,-1.2,10
191,RESET_READ,0.2,6.489582093527489e-07,3.244791046763744e-06,1.2,-1.2,10
192,SET_READ,0.2,5.586423157416568e-06,2.793211578708284e-05,1.2,-1.2,10
192,RESET_READ,0.2,6.401519929863476e-07,3.200759964931738e-06,1.2,-1.2,10
193,SET_READ,0.2,5.597575944333824e-06,2.7987879721669116e-05,1.2,-1.2,10
193,RESET_READ,0.2,6.391027599577417e-07,3.1955137997887087e-06,1.2,-1.2,10
194,SET_READ,0.2,5.398520075675755e-06,2.6992600378378775e-05,1.2,-1.2,10
194,RESET_READ,0.2,6.29893553960697e-07,3.149467769803485e-06,1.2,-1.2,10
195,SET_READ,0.2,5.392448248333074e-06,2.6962241241665367e-05,1.2,-1.2,10
195,RESET_READ,0.2,6.398123530375727e-07,3.1990617651878635e-06,1.2,-1.2,10
196,SET_READ,0.2,5.233200239208442e-06,2.6166001196042207e-05,1.2,-1.2,10
196,RESET_READ,0.2,6.234880115611529e-07,3.1174400578057646e-06,1.2,-1.2,10
197,SET_READ,0.2,5.27515896109179e-06,2.6375794805458947e-05,1.2,-1.2,10
197,RESET_READ,0.2,6.322134922923694e-07,3.1610674614618465e-06,1.2,-1.2,10
198,SET_READ,0.2,5.201392847382279e-06,2.6006964236911397e-05,1.2,-1.2,10
198,RESET_READ,0.2,6.237596271532852e-07,3.1187981357664257e-06,1.2,-1.2,10
199,SET_READ,0.2,5.14090371738783e-06,2.5704518586939148e-05,1.2,-1.2,10
199,RESET_READ,0.2,6.490065152100583e-07,3.2450325760502916e-06,1.2,-1.2,10
200,SET_READ,0.2,5.029833632677264e-06,2.5149168163386322e-05,1.2,-1.2,10
200,RESET_READ,0.2,6.603229933948689e-07,3.3016149669743443e-06,1.2,-1.2,10
